image_id,label
10000.jpg,FALSE
10001.jpg,FALSE
10002.jpg,TRUE
10003.jpg,TRUE
10004.jpg,FALSE
10005.jpg,TRUE
10006.jpg,FALSE
10007.jpg,FALSE
10008.jpg,TRUE
10009.jpg,FALSE
10010.jpg,TRUE
10011.jpg,FALSE
10012.jpg,TRUE
10013.jpg,FALSE
10014.jpg,FALSE
10015.jpg,TRUE
10016.jpg,FALSE
10017.jpg,FALSE
10018.jpg,FALSE
10019.jpg,TRUE
10020.jpg,FALSE
10021.jpg,FALSE
10022.jpg,FALSE
10023.jpg,TRUE
10024.jpg,FALSE
10025.jpg,TRUE
10026.jpg,FALSE
10027.jpg,FALSE
10028.jpg,TRUE
10029.jpg,FALSE
10030.jpg,FALSE
10031.jpg,FALSE
10032.jpg,FALSE
10033.jpg,FALSE
10034.jpg,TRUE
10035.jpg,TRUE
10036.jpg,FALSE
10037.jpg,FALSE
10038.jpg,FALSE
10039.jpg,FALSE
10040.jpg,FALSE
10041.jpg,FALSE
10042.jpg,FALSE
10043.jpg,FALSE
10044.jpg,FALSE
10045.jpg,FALSE
10046.jpg,FALSE
10047.jpg,FALSE
10048.jpg,TRUE
10049.jpg,TRUE
10050.jpg,FALSE
10051.jpg,FALSE
10052.jpg,FALSE
10053.jpg,TRUE
10054.jpg,FALSE
10055.jpg,FALSE
10056.jpg,FALSE
10057.jpg,FALSE
10058.jpg,TRUE
10059.jpg,FALSE
10060.jpg,FALSE
10061.jpg,FALSE
10062.jpg,FALSE
10063.jpg,TRUE
10064.jpg,FALSE
10065.jpg,FALSE
10066.jpg,TRUE
10067.jpg,FALSE
10068.jpg,FALSE
10069.jpg,FALSE
10070.jpg,FALSE
10071.jpg,FALSE
10072.jpg,FALSE
10073.jpg,TRUE
10074.jpg,FALSE
10075.jpg,FALSE
10076.jpg,FALSE
10077.jpg,FALSE
10078.jpg,FALSE
10079.jpg,TRUE
10080.jpg,FALSE
10081.jpg,TRUE
10082.jpg,FALSE
10083.jpg,FALSE
10084.jpg,FALSE
10085.jpg,TRUE
10086.jpg,FALSE
10087.jpg,TRUE
10088.jpg,FALSE
10089.jpg,FALSE
10090.jpg,FALSE
10091.jpg,FALSE
10092.jpg,FALSE
10093.jpg,FALSE
10094.jpg,FALSE
10095.jpg,FALSE
10096.jpg,TRUE
10097.jpg,FALSE
10098.jpg,TRUE
10099.jpg,FALSE
10100.jpg,FALSE
10101.jpg,FALSE
10102.jpg,FALSE
10103.jpg,TRUE
10104.jpg,TRUE
10105.jpg,FALSE
10106.jpg,FALSE
10107.jpg,FALSE
10108.jpg,TRUE
10109.jpg,TRUE
10110.jpg,TRUE
10111.jpg,FALSE
10112.jpg,FALSE
10113.jpg,FALSE
10114.jpg,FALSE
10115.jpg,FALSE
10116.jpg,FALSE
10117.jpg,FALSE
10118.jpg,FALSE
10119.jpg,TRUE
10120.jpg,FALSE
10121.jpg,TRUE
10122.jpg,FALSE
10123.jpg,TRUE
10124.jpg,FALSE
10125.jpg,TRUE
10126.jpg,0
10127.jpg,FALSE
10128.jpg,FALSE
10129.jpg,TRUE
10130.jpg,TRUE
10131.jpg,FALSE
10132.jpg,FALSE
10133.jpg,FALSE
10134.jpg,FALSE
10135.jpg,TRUE
10136.jpg,FALSE
10137.jpg,FALSE
10138.jpg,FALSE
10139.jpg,FALSE
10140.jpg,FALSE
10141.jpg,TRUE
10142.jpg,FALSE
10143.jpg,FALSE
10144.jpg,FALSE
10145.jpg,FALSE
10146.jpg,TRUE
10147.jpg,FALSE
10148.jpg,FALSE
10149.jpg,FALSE
10150.jpg,FALSE
10151.jpg,FALSE
10152.jpg,FALSE
10153.jpg,TRUE
10154.jpg,TRUE
10155.jpg,TRUE
10156.jpg,FALSE
10157.jpg,TRUE
10158.jpg,TRUE
10159.jpg,FALSE
10160.jpg,FALSE
10161.jpg,FALSE
10162.jpg,FALSE
10163.jpg,TRUE
10164.jpg,TRUE
10165.jpg,TRUE
10166.jpg,FALSE
10167.jpg,FALSE
10168.jpg,FALSE
10169.jpg,FALSE
10170.jpg,TRUE
10171.jpg,FALSE
10172.jpg,TRUE
10173.jpg,FALSE
10174.jpg,FALSE
10175.jpg,FALSE
10176.jpg,TRUE
10177.jpg,FALSE
10178.jpg,FALSE
10179.jpg,FALSE
10180.jpg,FALSE
10181.jpg,TRUE
10182.jpg,FALSE
10183.jpg,FALSE
10184.jpg,FALSE
10185.jpg,FALSE
10186.jpg,TRUE
10187.jpg,FALSE
10188.jpg,FALSE
10189.jpg,FALSE
10190.jpg,FALSE
10191.jpg,FALSE
10192.jpg,FALSE
10193.jpg,FALSE
10194.jpg,TRUE
10195.jpg,FALSE
10196.jpg,TRUE
10197.jpg,FALSE
10198.jpg,FALSE
10199.jpg,FALSE
10200.jpg,FALSE
10201.jpg,FALSE
10202.jpg,FALSE
10203.jpg,FALSE
10204.jpg,TRUE
10205.jpg,TRUE
10206.jpg,TRUE
10207.jpg,FALSE
10208.jpg,FALSE
10209.jpg,FALSE
10210.jpg,FALSE
10211.jpg,FALSE
10212.jpg,TRUE
10213.jpg,FALSE
10214.jpg,FALSE
10215.jpg,FALSE
10216.jpg,FALSE
10217.jpg,TRUE
10218.jpg,TRUE
10219.jpg,FALSE
10220.jpg,TRUE
10221.jpg,TRUE
10222.jpg,FALSE
10223.jpg,FALSE
10224.jpg,FALSE
10225.jpg,FALSE
10226.jpg,TRUE
10227.jpg,FALSE
10228.jpg,FALSE
10229.jpg,FALSE
10230.jpg,FALSE
10231.jpg,TRUE
10232.jpg,FALSE
10233.jpg,FALSE
10234.jpg,FALSE
10235.jpg,TRUE
10236.jpg,FALSE
10237.jpg,FALSE
10238.jpg,FALSE
10239.jpg,FALSE
10240.jpg,FALSE
10241.jpg,TRUE
10242.jpg,FALSE
10243.jpg,FALSE
10244.jpg,FALSE
10245.jpg,FALSE
10246.jpg,FALSE
10247.jpg,FALSE
10248.jpg,TRUE
10249.jpg,FALSE
10250.jpg,FALSE
10251.jpg,FALSE
10252.jpg,FALSE
10253.jpg,FALSE
10254.jpg,TRUE
10255.jpg,FALSE
10256.jpg,FALSE
10257.jpg,TRUE
10258.jpg,FALSE
10259.jpg,TRUE
10260.jpg,FALSE
10261.jpg,FALSE
10262.jpg,FALSE
10263.jpg,FALSE
10264.jpg,TRUE
10265.jpg,TRUE
10266.jpg,FALSE
10267.jpg,FALSE
10268.jpg,TRUE
10269.jpg,FALSE
10270.jpg,FALSE
10271.jpg,FALSE
10272.jpg,TRUE
10273.jpg,FALSE
10274.jpg,FALSE
10275.jpg,TRUE
10276.jpg,FALSE
10277.jpg,FALSE
10278.jpg,FALSE
10279.jpg,FALSE
10280.jpg,FALSE
10281.jpg,TRUE
10282.jpg,FALSE
10283.jpg,FALSE
10284.jpg,TRUE
10285.jpg,FALSE
10286.jpg,FALSE
10287.jpg,FALSE
10288.jpg,TRUE
10289.jpg,FALSE
10290.jpg,FALSE
10291.jpg,FALSE
10292.jpg,FALSE
10293.jpg,TRUE
10294.jpg,TRUE
10295.jpg,TRUE
10296.jpg,FALSE
10297.jpg,TRUE
10298.jpg,FALSE
10299.jpg,FALSE
10300.jpg,FALSE
10301.jpg,TRUE
10302.jpg,FALSE
10303.jpg,FALSE
10304.jpg,FALSE
10305.jpg,FALSE
10306.jpg,TRUE
10307.jpg,TRUE
10308.jpg,FALSE
10309.jpg,FALSE
10310.jpg,FALSE
10311.jpg,FALSE
10312.jpg,TRUE
10313.jpg,FALSE
10314.jpg,FALSE
10315.jpg,FALSE
10316.jpg,TRUE
10317.jpg,FALSE
10318.jpg,TRUE
10319.jpg,FALSE
10320.jpg,TRUE
10321.jpg,FALSE
10322.jpg,TRUE
10323.jpg,FALSE
10324.jpg,FALSE
10325.jpg,FALSE
10326.jpg,FALSE
10327.jpg,FALSE
10328.jpg,FALSE
10329.jpg,TRUE
10330.jpg,TRUE
10331.jpg,FALSE
10332.jpg,FALSE
10333.jpg,FALSE
10334.jpg,FALSE
10335.jpg,TRUE
10336.jpg,FALSE
10337.jpg,FALSE
10338.jpg,FALSE
10339.jpg,FALSE
10340.jpg,FALSE
10341.jpg,FALSE
10342.jpg,FALSE
10343.jpg,TRUE
10344.jpg,FALSE
10345.jpg,FALSE
10346.jpg,FALSE
10347.jpg,TRUE
10348.jpg,FALSE
10349.jpg,FALSE
10350.jpg,TRUE
10351.jpg,FALSE
10352.jpg,FALSE
10353.jpg,FALSE
10354.jpg,FALSE
10355.jpg,FALSE
10356.jpg,TRUE
10357.jpg,FALSE
10358.jpg,FALSE
10359.jpg,TRUE
10360.jpg,FALSE
10361.jpg,FALSE
10362.jpg,FALSE
10363.jpg,FALSE
10364.jpg,TRUE
10365.jpg,FALSE
10366.jpg,FALSE
10367.jpg,TRUE
10368.jpg,FALSE
10369.jpg,FALSE
10370.jpg,FALSE
10371.jpg,FALSE
10372.jpg,FALSE
10373.jpg,FALSE
10374.jpg,TRUE
10375.jpg,FALSE
10376.jpg,FALSE
10377.jpg,TRUE
10378.jpg,TRUE
10379.jpg,FALSE
10380.jpg,FALSE
10381.jpg,FALSE
10382.jpg,FALSE
10383.jpg,FALSE
10384.jpg,FALSE
10385.jpg,TRUE
10386.jpg,FALSE
10387.jpg,FALSE
10388.jpg,FALSE
10389.jpg,TRUE
10390.jpg,TRUE
10391.jpg,FALSE
10392.jpg,TRUE
10393.jpg,FALSE
10394.jpg,FALSE
10395.jpg,FALSE
10396.jpg,FALSE
10397.jpg,FALSE
10398.jpg,FALSE
10399.jpg,TRUE
10400.jpg,FALSE
10401.jpg,FALSE
10402.jpg,FALSE
10403.jpg,TRUE
10404.jpg,FALSE
10405.jpg,TRUE
10406.jpg,FALSE
10407.jpg,FALSE
10408.jpg,FALSE
10409.jpg,FALSE
10410.jpg,TRUE
10411.jpg,FALSE
10412.jpg,FALSE
10413.jpg,FALSE
10414.jpg,TRUE
10415.jpg,FALSE
10416.jpg,FALSE
10417.jpg,FALSE
10418.jpg,TRUE
10419.jpg,FALSE
10420.jpg,FALSE
10421.jpg,FALSE
10422.jpg,FALSE
10423.jpg,TRUE
10424.jpg,TRUE
10425.jpg,FALSE
10426.jpg,FALSE
10427.jpg,FALSE
10428.jpg,TRUE
10429.jpg,TRUE
10430.jpg,TRUE
10431.jpg,FALSE
10432.jpg,FALSE
10433.jpg,TRUE
10434.jpg,FALSE
10435.jpg,FALSE
10436.jpg,TRUE
10437.jpg,FALSE
10438.jpg,FALSE
10439.jpg,FALSE
10440.jpg,FALSE
10441.jpg,TRUE
10442.jpg,FALSE
10443.jpg,FALSE
10444.jpg,FALSE
10445.jpg,FALSE
10446.jpg,FALSE
10447.jpg,FALSE
10448.jpg,FALSE
10449.jpg,FALSE
10450.jpg,FALSE
10451.jpg,FALSE
10452.jpg,TRUE
10453.jpg,FALSE
10454.jpg,FALSE
10455.jpg,FALSE
10456.jpg,FALSE
10457.jpg,FALSE
10458.jpg,FALSE
10459.jpg,FALSE
10460.jpg,FALSE
10461.jpg,FALSE
10462.jpg,FALSE
10463.jpg,TRUE
10464.jpg,FALSE
10465.jpg,FALSE
10466.jpg,FALSE
10467.jpg,TRUE
10468.jpg,FALSE
10469.jpg,FALSE
10470.jpg,FALSE
10471.jpg,TRUE
10472.jpg,FALSE
10473.jpg,FALSE
10474.jpg,FALSE
10475.jpg,TRUE
10476.jpg,FALSE
10477.jpg,FALSE
10478.jpg,FALSE
10479.jpg,FALSE
10480.jpg,TRUE
10481.jpg,FALSE
10482.jpg,TRUE
10483.jpg,FALSE
10484.jpg,FALSE
10485.jpg,FALSE
10486.jpg,TRUE
10487.jpg,FALSE
10488.jpg,FALSE
10489.jpg,FALSE
10490.jpg,FALSE
10491.jpg,FALSE
10492.jpg,FALSE
10493.jpg,FALSE
10494.jpg,FALSE
10495.jpg,FALSE
10496.jpg,FALSE
10497.jpg,FALSE
10498.jpg,FALSE
10499.jpg,FALSE
10500.jpg,FALSE
10501.jpg,FALSE
10502.jpg,FALSE
10503.jpg,FALSE
10504.jpg,TRUE
10505.jpg,FALSE
10506.jpg,FALSE
10507.jpg,TRUE
10508.jpg,FALSE
10509.jpg,TRUE
10510.jpg,FALSE
10511.jpg,TRUE
10512.jpg,FALSE
10513.jpg,TRUE
10514.jpg,FALSE
10515.jpg,FALSE
10516.jpg,TRUE
10517.jpg,FALSE
10518.jpg,FALSE
10519.jpg,FALSE
10520.jpg,TRUE
10521.jpg,FALSE
10522.jpg,FALSE
10523.jpg,FALSE
10524.jpg,FALSE
10525.jpg,FALSE
10526.jpg,FALSE
10527.jpg,FALSE
10528.jpg,FALSE
10529.jpg,TRUE
10530.jpg,FALSE
10531.jpg,FALSE
10532.jpg,FALSE
10533.jpg,FALSE
10534.jpg,FALSE
10535.jpg,TRUE
10536.jpg,FALSE
10537.jpg,FALSE
10538.jpg,TRUE
10539.jpg,FALSE
10540.jpg,FALSE
10541.jpg,TRUE
10542.jpg,FALSE
10543.jpg,TRUE
10544.jpg,FALSE
10545.jpg,FALSE
10546.jpg,FALSE
10547.jpg,TRUE
10548.jpg,TRUE
10549.jpg,FALSE
10550.jpg,FALSE
10551.jpg,FALSE
10552.jpg,TRUE
10553.jpg,FALSE
10554.jpg,FALSE
10555.jpg,FALSE
10556.jpg,FALSE
10557.jpg,TRUE
10558.jpg,FALSE
10559.jpg,FALSE
10560.jpg,FALSE
10561.jpg,FALSE
10562.jpg,TRUE
10563.jpg,FALSE
10564.jpg,FALSE
10565.jpg,FALSE
10566.jpg,FALSE
10567.jpg,FALSE
10568.jpg,TRUE
10569.jpg,FALSE
10570.jpg,TRUE
10571.jpg,FALSE
10572.jpg,FALSE
10573.jpg,TRUE
10574.jpg,FALSE
10575.jpg,FALSE
10576.jpg,TRUE
10577.jpg,FALSE
10578.jpg,FALSE
10579.jpg,FALSE
10580.jpg,TRUE
10581.jpg,FALSE
10582.jpg,FALSE
10583.jpg,TRUE
10584.jpg,FALSE
10585.jpg,FALSE
10586.jpg,FALSE
10587.jpg,TRUE
10588.jpg,FALSE
10589.jpg,TRUE
10590.jpg,FALSE
10591.jpg,FALSE
10592.jpg,TRUE
10593.jpg,FALSE
10594.jpg,FALSE
10595.jpg,FALSE
10596.jpg,TRUE
10597.jpg,FALSE
10598.jpg,FALSE
10599.jpg,FALSE
10600.jpg,TRUE
10601.jpg,FALSE
10602.jpg,FALSE
10603.jpg,FALSE
10604.jpg,FALSE
10605.jpg,FALSE
10606.jpg,FALSE
10607.jpg,FALSE
10608.jpg,FALSE
10609.jpg,TRUE
10610.jpg,TRUE
10611.jpg,FALSE
10612.jpg,FALSE
10613.jpg,TRUE
10614.jpg,FALSE
10615.jpg,TRUE
10616.jpg,FALSE
10617.jpg,FALSE
10618.jpg,FALSE
10619.jpg,FALSE
10620.jpg,FALSE
10621.jpg,TRUE
10622.jpg,FALSE
10623.jpg,FALSE
10624.jpg,TRUE
10625.jpg,FALSE
10626.jpg,FALSE
10627.jpg,FALSE
10628.jpg,TRUE
10629.jpg,FALSE
10630.jpg,FALSE
10631.jpg,FALSE
10632.jpg,FALSE
10633.jpg,FALSE
10634.jpg,TRUE
10635.jpg,FALSE
10636.jpg,TRUE
10637.jpg,FALSE
10638.jpg,FALSE
10639.jpg,FALSE
10640.jpg,FALSE
10641.jpg,TRUE
10642.jpg,FALSE
10643.jpg,FALSE
10644.jpg,FALSE
10645.jpg,FALSE
10646.jpg,FALSE
10647.jpg,FALSE
10648.jpg,TRUE
10649.jpg,FALSE
10650.jpg,FALSE
10651.jpg,TRUE
10652.jpg,FALSE
10653.jpg,FALSE
10654.jpg,FALSE
10655.jpg,FALSE
10656.jpg,FALSE
10657.jpg,FALSE
10658.jpg,TRUE
10659.jpg,FALSE
10660.jpg,TRUE
10661.jpg,FALSE
10662.jpg,FALSE
10663.jpg,FALSE
10664.jpg,TRUE
10665.jpg,FALSE
10666.jpg,FALSE
10667.jpg,FALSE
10668.jpg,FALSE
10669.jpg,FALSE
10670.jpg,FALSE
10671.jpg,FALSE
10672.jpg,TRUE
10673.jpg,FALSE
10674.jpg,FALSE
10675.jpg,TRUE
10676.jpg,FALSE
10677.jpg,FALSE
10678.jpg,TRUE
10679.jpg,FALSE
10680.jpg,FALSE
10681.jpg,FALSE
10682.jpg,TRUE
10683.jpg,FALSE
10684.jpg,FALSE
10685.jpg,FALSE
10686.jpg,FALSE
10687.jpg,TRUE
10688.jpg,FALSE
10689.jpg,TRUE
10690.jpg,TRUE
10691.jpg,FALSE
10692.jpg,FALSE
10693.jpg,FALSE
10694.jpg,TRUE
10695.jpg,FALSE
10696.jpg,TRUE
10697.jpg,FALSE
10698.jpg,FALSE
10699.jpg,FALSE
10700.jpg,FALSE
10701.jpg,FALSE
10702.jpg,TRUE
10703.jpg,FALSE
10704.jpg,TRUE
10705.jpg,TRUE
10706.jpg,FALSE
10707.jpg,FALSE
10708.jpg,FALSE
10709.jpg,FALSE
10710.jpg,FALSE
10711.jpg,FALSE
10712.jpg,TRUE
10713.jpg,FALSE
10714.jpg,TRUE
10715.jpg,FALSE
10716.jpg,FALSE
10717.jpg,TRUE
10718.jpg,FALSE
10719.jpg,FALSE
10720.jpg,FALSE
10721.jpg,FALSE
10722.jpg,FALSE
10723.jpg,FALSE
10724.jpg,TRUE
10725.jpg,FALSE
10726.jpg,TRUE
10727.jpg,FALSE
10728.jpg,FALSE
10729.jpg,FALSE
10730.jpg,FALSE
10731.jpg,TRUE
10732.jpg,FALSE
10733.jpg,FALSE
10734.jpg,FALSE
10735.jpg,FALSE
10736.jpg,TRUE
10737.jpg,TRUE
10738.jpg,FALSE
10739.jpg,FALSE
10740.jpg,FALSE
10741.jpg,FALSE
10742.jpg,TRUE
10743.jpg,TRUE
10744.jpg,FALSE
10745.jpg,FALSE
10746.jpg,FALSE
10747.jpg,TRUE
10748.jpg,TRUE
10749.jpg,FALSE
10750.jpg,FALSE
10751.jpg,TRUE
10752.jpg,FALSE
10753.jpg,FALSE
10754.jpg,FALSE
10755.jpg,FALSE
10756.jpg,FALSE
10757.jpg,FALSE
10758.jpg,FALSE
10759.jpg,FALSE
10760.jpg,FALSE
10761.jpg,FALSE
10762.jpg,FALSE
10763.jpg,FALSE
10764.jpg,TRUE
10765.jpg,FALSE
10766.jpg,FALSE
10767.jpg,FALSE
10768.jpg,FALSE
10769.jpg,TRUE
10770.jpg,FALSE
10771.jpg,FALSE
10772.jpg,FALSE
10773.jpg,FALSE
10774.jpg,TRUE
10775.jpg,FALSE
10776.jpg,FALSE
10777.jpg,FALSE
10778.jpg,TRUE
10779.jpg,FALSE
10780.jpg,TRUE
10781.jpg,TRUE
10782.jpg,FALSE
10783.jpg,FALSE
10784.jpg,FALSE
10785.jpg,FALSE
10786.jpg,FALSE
10787.jpg,TRUE
10788.jpg,FALSE
10789.jpg,FALSE
10790.jpg,FALSE
10791.jpg,FALSE
10792.jpg,FALSE
10793.jpg,TRUE
10794.jpg,TRUE
10795.jpg,FALSE
10796.jpg,TRUE
10797.jpg,FALSE
10798.jpg,TRUE
10799.jpg,FALSE
10800.jpg,FALSE
10801.jpg,TRUE
10802.jpg,FALSE
10803.jpg,FALSE
10804.jpg,FALSE
10805.jpg,FALSE
10806.jpg,TRUE
10807.jpg,FALSE
10808.jpg,FALSE
10809.jpg,FALSE
10810.jpg,TRUE
10811.jpg,FALSE
10812.jpg,FALSE
10813.jpg,FALSE
10814.jpg,FALSE
10815.jpg,FALSE
10816.jpg,FALSE
10817.jpg,TRUE
10818.jpg,FALSE
10819.jpg,FALSE
10820.jpg,TRUE
10821.jpg,FALSE
10822.jpg,FALSE
10823.jpg,FALSE
10824.jpg,TRUE
10825.jpg,FALSE
10826.jpg,TRUE
10827.jpg,TRUE
10828.jpg,FALSE
10829.jpg,FALSE
10830.jpg,FALSE
10831.jpg,FALSE
10832.jpg,FALSE
10833.jpg,TRUE
10834.jpg,TRUE
10835.jpg,FALSE
10836.jpg,FALSE
10837.jpg,FALSE
10838.jpg,FALSE
10839.jpg,FALSE
10840.jpg,TRUE
10841.jpg,FALSE
10842.jpg,FALSE
10843.jpg,FALSE
10844.jpg,FALSE
10845.jpg,FALSE
10846.jpg,TRUE
10847.jpg,TRUE
10848.jpg,FALSE
10849.jpg,FALSE
10850.jpg,FALSE
10851.jpg,FALSE
10852.jpg,FALSE
10853.jpg,TRUE
10854.jpg,TRUE
10855.jpg,FALSE
10856.jpg,FALSE
10857.jpg,FALSE
10858.jpg,TRUE
10859.jpg,FALSE
10860.jpg,FALSE
10861.jpg,TRUE
10862.jpg,FALSE
10863.jpg,TRUE
10864.jpg,FALSE
10865.jpg,TRUE
10866.jpg,TRUE
10867.jpg,FALSE
10868.jpg,FALSE
10869.jpg,FALSE
10870.jpg,FALSE
10871.jpg,TRUE
10872.jpg,FALSE
10873.jpg,FALSE
10874.jpg,FALSE
10875.jpg,FALSE
10876.jpg,FALSE
10877.jpg,FALSE
10878.jpg,TRUE
10879.jpg,FALSE
10880.jpg,FALSE
10881.jpg,FALSE
10882.jpg,FALSE
10883.jpg,TRUE
10884.jpg,FALSE
10885.jpg,TRUE
10886.jpg,FALSE
10887.jpg,FALSE
10888.jpg,FALSE
10889.jpg,FALSE
10890.jpg,TRUE
10891.jpg,FALSE
10892.jpg,FALSE
10893.jpg,FALSE
10894.jpg,FALSE
10895.jpg,FALSE
10896.jpg,FALSE
10897.jpg,TRUE
10898.jpg,FALSE
10899.jpg,TRUE
10900.jpg,FALSE
10901.jpg,FALSE
10902.jpg,TRUE
10903.jpg,FALSE
10904.jpg,FALSE
10905.jpg,FALSE
10906.jpg,FALSE
10907.jpg,FALSE
10908.jpg,FALSE
10909.jpg,FALSE
10910.jpg,FALSE
10911.jpg,FALSE
10912.jpg,FALSE
10913.jpg,FALSE
10914.jpg,FALSE
10915.jpg,FALSE
10916.jpg,FALSE
10917.jpg,FALSE
10918.jpg,FALSE
10919.jpg,FALSE
10920.jpg,FALSE
10921.jpg,FALSE
10922.jpg,FALSE
10923.jpg,TRUE
10924.jpg,FALSE
10925.jpg,TRUE
10926.jpg,FALSE
10927.jpg,TRUE
10928.jpg,FALSE
10929.jpg,FALSE
10930.jpg,FALSE
10931.jpg,TRUE
10932.jpg,FALSE
10933.jpg,FALSE
10934.jpg,FALSE
10935.jpg,FALSE
10936.jpg,FALSE
10937.jpg,FALSE
10938.jpg,FALSE
10939.jpg,TRUE
10940.jpg,TRUE
10941.jpg,FALSE
10942.jpg,FALSE
10943.jpg,FALSE
10944.jpg,FALSE
10945.jpg,TRUE
10946.jpg,FALSE
10947.jpg,FALSE
10948.jpg,FALSE
10949.jpg,FALSE
10950.jpg,FALSE
10951.jpg,FALSE
10952.jpg,TRUE
10953.jpg,FALSE
10954.jpg,FALSE
10955.jpg,FALSE
10956.jpg,FALSE
10957.jpg,FALSE
10958.jpg,TRUE
10959.jpg,TRUE
10960.jpg,FALSE
10961.jpg,TRUE
10962.jpg,TRUE
10963.jpg,FALSE
10964.jpg,FALSE
10965.jpg,FALSE
10966.jpg,FALSE
10967.jpg,FALSE
10968.jpg,FALSE
10969.jpg,FALSE
10970.jpg,FALSE
10971.jpg,FALSE
10972.jpg,FALSE
10973.jpg,FALSE
10974.jpg,FALSE
10975.jpg,FALSE
10976.jpg,TRUE
10977.jpg,FALSE
10978.jpg,FALSE
10979.jpg,FALSE
10980.jpg,TRUE
10981.jpg,TRUE
10982.jpg,FALSE
10983.jpg,FALSE
10984.jpg,FALSE
10985.jpg,TRUE
10986.jpg,FALSE
10987.jpg,FALSE
10988.jpg,TRUE
10989.jpg,FALSE
10990.jpg,TRUE
10991.jpg,FALSE
10992.jpg,FALSE
10993.jpg,TRUE
10994.jpg,FALSE
10995.jpg,FALSE
10996.jpg,FALSE
10997.jpg,FALSE
10998.jpg,FALSE
10999.jpg,FALSE
11000.jpg,FALSE
11001.jpg,TRUE
11002.jpg,TRUE
11003.jpg,FALSE
11004.jpg,FALSE
11005.jpg,FALSE
11006.jpg,TRUE
11007.jpg,FALSE
11008.jpg,FALSE
11009.jpg,TRUE
11010.jpg,TRUE
11011.jpg,FALSE
11012.jpg,FALSE
11013.jpg,FALSE
11014.jpg,TRUE
11015.jpg,FALSE
11016.jpg,FALSE
11017.jpg,FALSE
11018.jpg,FALSE
11019.jpg,FALSE
11020.jpg,FALSE
11021.jpg,FALSE
11022.jpg,TRUE
11023.jpg,FALSE
11024.jpg,TRUE
11025.jpg,TRUE
11026.jpg,FALSE
11027.jpg,FALSE
11028.jpg,FALSE
11029.jpg,FALSE
11030.jpg,TRUE
11031.jpg,FALSE
11032.jpg,FALSE
11033.jpg,FALSE
11034.jpg,FALSE
11035.jpg,TRUE
11036.jpg,FALSE
11037.jpg,TRUE
11038.jpg,FALSE
11039.jpg,FALSE
11040.jpg,TRUE
11041.jpg,FALSE
11042.jpg,FALSE
11043.jpg,FALSE
11044.jpg,TRUE
11045.jpg,TRUE
11046.jpg,FALSE
11047.jpg,FALSE
11048.jpg,FALSE
11049.jpg,FALSE
11050.jpg,FALSE
11051.jpg,FALSE
11052.jpg,TRUE
11053.jpg,FALSE
11054.jpg,FALSE
11055.jpg,FALSE
11056.jpg,FALSE
11057.jpg,FALSE
11058.jpg,TRUE
11059.jpg,FALSE
11060.jpg,TRUE
11061.jpg,FALSE
11062.jpg,FALSE
11063.jpg,FALSE
11064.jpg,FALSE
11065.jpg,TRUE
11066.jpg,FALSE
11067.jpg,FALSE
11068.jpg,FALSE
11069.jpg,FALSE
11070.jpg,FALSE
11071.jpg,FALSE
11072.jpg,TRUE
11073.jpg,FALSE
11074.jpg,FALSE
11075.jpg,FALSE
11076.jpg,FALSE
11077.jpg,FALSE
11078.jpg,FALSE
11079.jpg,TRUE
11080.jpg,TRUE
11081.jpg,FALSE
11082.jpg,FALSE
11083.jpg,FALSE
11084.jpg,FALSE
11085.jpg,FALSE
11086.jpg,TRUE
11087.jpg,FALSE
11088.jpg,FALSE
11089.jpg,TRUE
11090.jpg,FALSE
11091.jpg,FALSE
11092.jpg,FALSE
11093.jpg,FALSE
11094.jpg,TRUE
11095.jpg,FALSE
11096.jpg,FALSE
11097.jpg,TRUE
11098.jpg,FALSE
11099.jpg,FALSE
11100.jpg,FALSE
11101.jpg,FALSE
11102.jpg,FALSE
11103.jpg,FALSE
11104.jpg,TRUE
11105.jpg,TRUE
11106.jpg,TRUE
11107.jpg,FALSE
11108.jpg,FALSE
11109.jpg,TRUE
11110.jpg,TRUE
11111.jpg,FALSE
11112.jpg,FALSE
11113.jpg,FALSE
11114.jpg,TRUE
11115.jpg,FALSE
11116.jpg,TRUE
11117.jpg,FALSE
11118.jpg,FALSE
11119.jpg,TRUE
11120.jpg,FALSE
11121.jpg,FALSE
11122.jpg,TRUE
11123.jpg,FALSE
11124.jpg,TRUE
11125.jpg,FALSE
11126.jpg,TRUE
11127.jpg,TRUE
11128.jpg,FALSE
11129.jpg,FALSE
11130.jpg,FALSE
11131.jpg,FALSE
11132.jpg,FALSE
11133.jpg,TRUE
11134.jpg,FALSE
11135.jpg,TRUE
11136.jpg,FALSE
11137.jpg,FALSE
11138.jpg,TRUE
11139.jpg,FALSE
11140.jpg,TRUE
11141.jpg,FALSE
11142.jpg,FALSE
11143.jpg,FALSE
11144.jpg,FALSE
11145.jpg,TRUE
11146.jpg,FALSE
11147.jpg,FALSE
11148.jpg,FALSE
11149.jpg,FALSE
